seed,guide,true_fc,est_fc,bias,r_pearson,r_spearman
0,NTC_1,0.0,-0.1167007904522146,-0.1167007904522146,0.2767410442788645,0.3233082706766917
0,KO1,-2.0,-2.0921789627544607,-0.09217896275446069,0.359985830992241,0.3196998123827393
0,KO2,-1.3219280948873622,-1.380049846696111,-0.0581217518087489,0.21325999340893861,0.2559099437148218
0,KO3,-0.029146345659516508,-0.11207642369196069,-0.08293007803244418,0.27856141088702807,0.29399624765478427
0,CA1,0.5849625007211562,0.5684379119403635,-0.01652458878079266,0.3776757142287849,0.4311444652908068
0,CA2,1.0,0.9011891860492502,-0.09881081395074975,0.2772209204646643,0.20037523452157602
1,NTC_1,0.0,-0.1427179794780935,-0.1427179794780935,0.16200336396498743,0.1969924812030075
1,KO1,-2.0,-2.0582047920696462,-0.05820479206964624,0.2219528871608246,0.20450281425891187
1,KO2,-1.3219280948873622,-1.3099328499309744,0.011995244956387818,0.12259495455776413,0.14484052532833022
1,KO3,-0.029146345659516508,-0.07886566929742944,-0.049719323637912934,0.18467873728181086,0.18968105065666047
1,CA1,0.5849625007211562,0.511800624800471,-0.07316187592068524,0.37680286546341163,0.3467166979362101
1,CA2,1.0,0.9018639106281077,-0.09813608937189233,0.3624476952731267,0.22776735459662292
2,NTC_1,0.0,-0.1373759727947439,-0.1373759727947439,0.5629598407019293,0.5714285714285714
2,KO1,-2.0,-2.336437366532537,-0.33643736653253686,-0.19971627122521157,-0.1953095684803002
2,KO2,-1.3219280948873622,-1.5524283867351736,-0.2305002918478114,0.06334575981209833,0.11857410881801128
2,KO3,-0.029146345659516508,-0.04520907215997827,-0.01606272650046176,0.49915854573869073,0.45703564727954976
2,CA1,0.5849625007211562,0.35899625010564673,-0.22596625061550946,0.342987790617416,0.31575984990619144
2,CA2,1.0,0.8798903007037913,-0.12010969929620874,0.23285920353192868,0.18836772983114447
3,NTC_1,0.0,-0.49549355320856225,-0.49549355320856225,0.37809443925258157,0.41503759398496237
3,KO1,-2.0,-2.382035873460027,-0.3820358734600271,-0.08288289923373618,-0.008067542213883679
3,KO2,-1.3219280948873622,-1.5890041809551443,-0.2670760860677821,0.35330155061414653,0.32589118198874306
3,KO3,-0.029146345659516508,-0.2902814369671072,-0.26113509130759066,0.2194221709822537,0.15797373358348968
3,CA1,0.5849625007211562,0.42604575343206275,-0.15891674728909344,-0.008518369109576943,-0.04521575984990619
3,CA2,1.0,0.8259695548541819,-0.1740304451458181,0.08492526901620476,0.17917448405253283
4,NTC_1,0.0,-0.0075384598247731915,-0.0075384598247731915,0.27064079519026374,0.23609022556390977
4,KO1,-2.0,-2.026596925782415,-0.026596925782414793,0.4787572723008532,0.39005628517823643
4,KO2,-1.3219280948873622,-1.3810907822124685,-0.05916268732510632,0.4494710821210618,0.37654784240150097
4,KO3,-0.029146345659516508,-0.16607680134699,-0.13693045568747347,-0.07247631722624501,0.02138836772983115
4,CA1,0.5849625007211562,0.42134938426092017,-0.16361311646023602,0.4146826903297748,0.426829268292683
4,CA2,1.0,0.925539352370051,-0.07446064762994897,0.21749644116227476,0.1632270168855535
5,NTC_1,0.0,-0.045289180802556395,-0.045289180802556395,0.30289620523672167,0.14436090225563908
5,KO1,-2.0,-2.025311372803899,-0.025311372803899168,0.24264481956300765,0.00075046904315197
5,KO2,-1.3219280948873622,-1.4118601303569998,-0.08993203546963757,0.2208408241906798,0.2176360225140713
5,KO3,-0.029146345659516508,-0.03419270329401147,-0.005046357634494965,0.35413599009496793,0.3904315196998124
5,CA1,0.5849625007211562,0.5580404777057444,-0.0269220230154118,0.4303131444008076,0.40769230769230774
5,CA2,1.0,0.9132774848468577,-0.08672251515314233,0.32132490403996306,0.25947467166979366
6,NTC_1,0.0,-1.2370153885357107,-1.2370153885357107,0.3901467454200119,0.23759398496240602
6,KO1,-2.0,-3.221418998765203,-1.2214189987652029,-0.10523512393428253,-0.12926829268292683
6,KO2,-1.3219280948873622,-2.499319217728826,-1.1773911228414637,0.08626399892617315,0.1178236397748593
6,KO3,-0.029146345659516508,-1.278210304307195,-1.2490639586476786,0.16597273105174254,0.17786116322701692
6,CA1,0.5849625007211562,-0.7403255920879568,-1.3252880928091129,0.3253665592018399,0.40225140712945595
6,CA2,1.0,-0.38604368977472436,-1.3860436897747244,0.23675803937619438,0.33227016885553473
7,NTC_1,0.0,-0.04919876866266382,-0.04919876866266382,0.4350755346650075,0.4270676691729323
7,KO1,-2.0,-1.8051492195598806,0.1948507804401194,0.31518282909641493,0.24559099437148219
7,KO2,-1.3219280948873622,-1.4230414848797048,-0.10111338999234265,-0.05477554682227578,-0.027016885553470923
7,KO3,-0.029146345659516508,-0.03038515858575952,-0.0012388129262430117,0.45762094877711257,0.34971857410881807
7,CA1,0.5849625007211562,0.4785712737567698,-0.10639122696438641,0.16147175092326466,0.18273921200750473
7,CA2,1.0,1.0347679633624827,0.03476796336248267,0.07403290160007316,0.08667917448405253
8,NTC_1,0.0,-0.34766831211969507,-0.34766831211969507,0.1903197176430438,0.14586466165413534
8,KO1,-2.0,-2.1592613678447927,-0.15926136784479272,0.42709952068234264,0.3088180112570357
8,KO2,-1.3219280948873622,-1.4839135628215994,-0.16198546793423718,0.03834510512316811,0.06360225140712947
8,KO3,-0.029146345659516508,-0.05474152378961694,-0.025595178130100434,0.5406783591975419,0.5348968105065667
8,CA1,0.5849625007211562,0.49174962229802954,-0.09321287842312664,0.2985927844948678,0.3560975609756098
8,CA2,1.0,0.9158867377765452,-0.08411326222345483,0.3640449441429657,0.34990619136960605
9,NTC_1,0.0,-1.6331798058025564,-1.6331798058025564,-0.012500929337975551,0.12781954887218044
9,KO1,-2.0,-3.5289181690685476,-1.5289181690685476,0.09662426241714751,0.18236397748592875
9,KO2,-1.3219280948873622,-2.9932388287059988,-1.6713107338186366,-0.019032228480807108,0.05928705440900564
9,KO3,-0.029146345659516508,-1.7011553268902029,-1.6720089812306864,-0.008949033716456188,-0.039962476547842414
9,CA1,0.5849625007211562,-1.1695882301799978,-1.7545507309011539,0.11921076772459567,0.20544090056285183
9,CA2,1.0,-0.904630325364324,-1.904630325364324,-0.2134319761597029,-0.09943714821763605
10,NTC_1,0.0,0.10197386927678931,0.10197386927678931,0.46385716818851686,0.4586466165413533
10,KO1,-2.0,-2.1590210419170583,-0.15902104191705835,0.4091399451312492,0.4221388367729832
10,KO2,-1.3219280948873622,-1.3525191765300955,-0.030591081642733275,0.36167288612192394,0.2711069418386492
10,KO3,-0.029146345659516508,-0.016997478532048582,0.012148867127467926,0.3939230971013319,0.34652908067542215
10,CA1,0.5849625007211562,0.572941638899592,-0.012020861821564144,0.3642521641099832,0.376172607879925
10,CA2,1.0,1.032442428541926,0.03244242854192603,0.51023426652053,0.5067542213883677
11,NTC_1,0.0,0.20751271433904517,0.20751271433904517,0.3123723349248407,0.2796992481203007
11,KO1,-2.0,-2.144423864411565,-0.14442386441156518,0.12826072688411486,0.03696060037523453
11,KO2,-1.3219280948873622,-1.4048129539959158,-0.08288485910855359,0.3128411571652667,0.3887429643527205
11,KO3,-0.029146345659516508,-0.13428702168390405,-0.10514067602438754,0.6055201115636327,0.6470919324577862
11,CA1,0.5849625007211562,0.5029243011005198,-0.08203819962063641,0.22426853217675222,0.20975609756097563
11,CA2,1.0,0.8898404616840159,-0.11015953831598413,0.31679929874016627,0.36960600375234526
12,NTC_1,0.0,-0.21909680180475366,-0.21909680180475366,0.4503840708804055,0.4240601503759398
12,KO1,-2.0,-2.189136646317693,-0.1891366463176931,0.29501840664494006,0.3219512195121952
12,KO2,-1.3219280948873622,-1.4025212746135916,-0.08059317972622937,0.1096564365278759,0.125703564727955
12,KO3,-0.029146345659516508,-0.15126766972467554,-0.12212132406515902,0.16252581700456595,0.18480300187617263
12,CA1,0.5849625007211562,0.27432856745794165,-0.31063393326321453,0.46243040526550105,0.42532833020637906
12,CA2,1.0,0.7219298858173167,-0.27807011418268335,0.22177452135298986,0.14446529080675424
13,NTC_1,0.0,0.27803502268865454,0.27803502268865454,0.6667187357765685,0.5789473684210527
13,KO1,-2.0,-2.135568283127996,-0.13556828312799585,0.3809442235559092,0.25534709193245786
13,KO2,-1.3219280948873622,-1.6159745674602712,-0.29404647257290906,0.20510264084154128,0.22439024390243903
13,KO3,-0.029146345659516508,-0.07789482884332788,-0.04874848318381137,0.37172809664825734,0.39005628517823643
13,CA1,0.5849625007211562,0.3349774856097971,-0.24998501511135907,0.32694327615046587,0.23489681050656663
13,CA2,1.0,0.9083784598834788,-0.09162154011652124,0.2929302102985054,0.27673545966228896
14,NTC_1,0.0,-0.20261349491998804,-0.20261349491998804,0.19815364829530674,-0.07518796992481201
14,KO1,-2.0,-2.066953323411199,-0.06695332341119897,0.21649119572929576,0.2407129455909944
14,KO2,-1.3219280948873622,-1.4958883743755544,-0.17396027948819226,0.43945708494283914,0.4065666041275798
14,KO3,-0.029146345659516508,-0.12555422596857202,-0.0964078803090555,0.4396980668738819,0.45590994371482185
14,CA1,0.5849625007211562,0.4455665130145823,-0.1393959877065739,0.404721216465884,0.3742964352720451
14,CA2,1.0,0.8750370521075999,-0.12496294789240014,0.2599765256505897,0.3039399624765479
15,NTC_1,0.0,-0.2529918175213064,-0.2529918175213064,0.35260210849319484,0.18345864661654135
15,KO1,-2.0,-2.351031683015081,-0.3510316830150808,0.3126053903381008,0.29512195121951224
15,KO2,-1.3219280948873622,-1.5452815514080251,-0.22335345652066296,0.39555531015272416,0.28311444652908074
15,KO3,-0.029146345659516508,-0.22437968068048608,-0.19523333502096957,0.5220830187094684,0.42288930581613515
15,CA1,0.5849625007211562,0.3792670745380198,-0.2056954261831364,0.27784558399432857,0.21219512195121956
15,CA2,1.0,0.827939369154719,-0.172060630845281,0.3543378463987219,0.3242026266416511
16,NTC_1,0.0,0.2661713141925608,0.2661713141925608,0.40992604257668613,0.24661654135338343
16,KO1,-2.0,-1.803906105088445,0.19609389491155493,0.0976861076904504,0.03452157598499063
16,KO2,-1.3219280948873622,-1.2380777817241873,0.08385031316317493,0.3595625271543922,0.43395872420262666
16,KO3,-0.029146345659516508,-0.05492796711847436,-0.025781621458957855,0.47748802670930074,0.4375234521575986
16,CA1,0.5849625007211562,0.5243595618732249,-0.06060293884793133,0.32371961299377155,0.33452157598499066
16,CA2,1.0,1.0568474311359202,0.05684743113592017,0.32371840763317544,0.37936210131332093
17,NTC_1,0.0,-1.2090264778606619,-1.2090264778606619,0.013105745477642913,-0.004511278195488721
17,KO1,-2.0,-3.0312134247295583,-1.0312134247295583,0.23331245163396375,0.2482176360225141
17,KO2,-1.3219280948873622,-2.467484853791448,-1.1455567589040858,0.1763036140429766,0.15178236397748596
17,KO3,-0.029146345659516508,-1.2680589180462087,-1.2389125723866923,0.17206592988328168,0.19024390243902442
17,CA1,0.5849625007211562,-0.705683849381658,-1.290646350102814,-0.11843959387700334,-0.012570356472795498
17,CA2,1.0,-0.35798039250299585,-1.3579803925029958,0.2972531977603068,0.2560975609756098
18,NTC_1,0.0,-0.4725548248760427,-0.4725548248760427,0.2016727515173003,0.05413533834586466
18,KO1,-2.0,-2.3452142696850027,-0.3452142696850027,0.17844371076549898,0.14634146341463417
18,KO2,-1.3219280948873622,-1.6737100105755056,-0.35178191568814343,0.2244107756005349,0.14746716697936213
18,KO3,-0.029146345659516508,-0.4129230003826345,-0.383776654723118,0.22705745745353306,0.23170731707317077
18,CA1,0.5849625007211562,0.21106515116765845,-0.37389734955349774,-0.1293535050381114,-0.12645403377110695
18,CA2,1.0,0.5330828208453928,-0.4669171791546072,0.23605051153080392,0.20168855534709193
19,NTC_1,0.0,-0.6608993034832205,-0.6608993034832205,0.4194663131894607,0.4466165413533834
19,KO1,-2.0,-2.57286014370844,-0.5728601437084402,-0.07073363802991947,-0.07242026266416511
19,KO2,-1.3219280948873622,-1.9955183487407888,-0.6735902538534266,-0.21510049922176294,-0.20900562851782367
19,KO3,-0.029146345659516508,-0.6051937561504568,-0.5760474104909403,0.030853398541216465,-0.016885553470919325
19,CA1,0.5849625007211562,0.1066111106403147,-0.4783513900808415,0.4807578212627428,0.4737335834896811
19,CA2,1.0,0.2608021277911936,-0.7391978722088064,0.2964676564191807,0.3088180112570357
20,NTC_1,0.0,-0.027375839280339598,-0.027375839280339598,-0.03846469478436601,-0.021052631578947364
20,KO1,-2.0,-2.210514925049993,-0.21051492504999292,0.33919623387236963,0.24859287054409007
20,KO2,-1.3219280948873622,-1.446387908982488,-0.12445981409512585,0.33082438267743,0.40075046904315204
20,KO3,-0.029146345659516508,-0.12023844532892358,-0.09109209966940707,0.3395255794186338,0.28855534709193253
20,CA1,0.5849625007211562,0.5373829383380686,-0.04757956238308758,0.4062957166912671,0.34690431519699816
20,CA2,1.0,0.7829946059711252,-0.21700539402887475,0.3475094876981384,0.3363977485928706
21,NTC_1,0.0,-0.334564350175115,-0.334564350175115,-0.08383530441690695,-0.06766917293233082
21,KO1,-2.0,-2.02729883007929,-0.027298830079289793,0.4396106860417155,0.4140712945590996
21,KO2,-1.3219280948873622,-1.554807327317449,-0.2328792324300868,0.45574551445421163,0.525328330206379
21,KO3,-0.029146345659516508,-0.14072956852838647,-0.11158322286886996,0.4534211667218211,0.43395872420262666
21,CA1,0.5849625007211562,0.47895035929754126,-0.10601214142361493,0.4688641417460724,0.4118198874296436
21,CA2,1.0,0.8228391189105784,-0.17716088108942163,0.27029410825114075,0.2684803001876173
22,NTC_1,0.0,-0.14179053120538843,-0.14179053120538843,0.08212301579901038,0.05864661654135337
22,KO1,-2.0,-2.218163393067571,-0.21816339306757104,-0.012615965935651646,-0.04709193245778612
22,KO2,-1.3219280948873622,-1.2770568352215017,0.044871259665860475,0.23933837105585237,0.24108818011257038
22,KO3,-0.029146345659516508,-0.15317930989191186,-0.12403296423239535,0.4599548800657062,0.4641651031894935
22,CA1,0.5849625007211562,0.285184242201594,-0.2997782585195622,0.23816275966188546,0.20731707317073172
22,CA2,1.0,0.747074939680842,-0.25292506031915796,0.27245965354337087,0.2919324577861164
23,NTC_1,0.0,-0.8151151161663259,-0.8151151161663259,0.32888115113696176,0.4481203007518797
23,KO1,-2.0,-2.844345949219915,-0.8443459492199148,0.5101320774653002,0.5849906191369606
23,KO2,-1.3219280948873622,-1.9448751430980886,-0.6229470482107264,0.13255186987103026,0.004315196998123829
23,KO3,-0.029146345659516508,-0.6330768089763845,-0.6039304633168681,0.32929032023082583,0.2666041275797374
23,CA1,0.5849625007211562,-0.15894760899469507,-0.7439101097158513,0.2679008840567044,0.23958724202626647
23,CA2,1.0,0.30191693492009986,-0.6980830650799001,0.2902313967959075,0.1853658536585366
24,NTC_1,0.0,-0.35404505543634546,-0.35404505543634546,-0.09348219155950056,0.012030075187969924
24,KO1,-2.0,-2.409801624345037,-0.40980162434503686,0.20891071179677642,0.23208255159474675
24,KO2,-1.3219280948873622,-1.5987793426983083,-0.27685124781094617,0.46214303583903515,0.4425891181988743
24,KO3,-0.029146345659516508,-0.40022911839410913,-0.3710827727345926,0.06623007246183997,0.07748592870544091
24,CA1,0.5849625007211562,0.282623149824885,-0.3023393508962712,0.3113853298820414,0.275609756097561
24,CA2,1.0,0.6686604995258127,-0.33133950047418725,0.4059559221351898,0.32682926829268294
25,NTC_1,0.0,-0.39722647480890405,-0.39722647480890405,0.07106711572511165,0.20300751879699244
25,KO1,-2.0,-2.03996219448969,-0.039962194489690184,0.27849069255534403,0.22795497185741093
25,KO2,-1.3219280948873622,-1.5375396233074392,-0.21561152842007703,0.33340685643717083,0.4135084427767355
25,KO3,-0.029146345659516508,-0.16037859730646264,-0.13123225164694613,0.28968938785903076,0.36435272045028144
25,CA1,0.5849625007211562,0.536442615462092,-0.048519885259064144,0.6139073125061368,0.5116322701688556
25,CA2,1.0,0.81140122599676,-0.18859877400324,0.0841832429492575,0.08855534709193248
26,NTC_1,0.0,-0.038384578751775145,-0.038384578751775145,0.5720568408750105,0.556390977443609
26,KO1,-2.0,-2.119136474656316,-0.11913647465631616,0.09291939625703897,0.033208255159474676
26,KO2,-1.3219280948873622,-1.669786117600652,-0.3478580227132899,0.5122459752650388,0.5157598499061915
26,KO3,-0.029146345659516508,-0.37681259922907007,-0.34766625356955355,0.3140483682789617,0.2538461538461539
26,CA1,0.5849625007211562,0.4072674293048655,-0.1776950714162907,0.3662365370278328,0.34765478424015017
26,CA2,1.0,0.9034293670184885,-0.09657063298151147,0.2862264663676339,0.2795497185741088
27,NTC_1,0.0,-0.19794716648981225,-0.19794716648981225,-0.06969708972127683,-0.1533834586466165
27,KO1,-2.0,-2.1985231857769216,-0.19852318577692163,0.24904376543367562,0.18836772983114447
27,KO2,-1.3219280948873622,-1.4019876938335623,-0.08005959894620007,0.3576664782358907,0.3651031894934335
27,KO3,-0.029146345659516508,-0.2667070847027029,-0.23756073904318636,0.5079947601084424,0.4459662288930582
27,CA1,0.5849625007211562,0.5020431060321604,-0.08291939468899578,0.20065003858583746,0.14015009380863042
27,CA2,1.0,1.0082152862079417,0.008215286207941652,0.3389374383293317,0.35084427767354603
28,NTC_1,0.0,-0.27750792317316186,-0.27750792317316186,0.1714787164416851,0.22255639097744356
28,KO1,-2.0,-1.9161180477611746,0.08388195223882544,0.3334876616760378,0.23151969981238277
28,KO2,-1.3219280948873622,-1.5545627098552908,-0.2326346149679286,0.43994340742202853,0.4611632270168856
28,KO3,-0.029146345659516508,-0.07469954304620874,-0.04555319738669223,0.4454521317424705,0.5305816135084429
28,CA1,0.5849625007211562,0.6570900458820139,0.07212754516085773,0.5144834678126389,0.48592870544090067
28,CA2,1.0,0.9687279242999827,-0.03127207570001733,0.5499808744597757,0.49493433395872427
29,NTC_1,0.0,0.05894932932927954,0.05894932932927954,0.58526951553944,0.5187969924812029
29,KO1,-2.0,-2.131019018220159,-0.13101901822015893,0.11232564390910306,0.1105065666041276
29,KO2,-1.3219280948873622,-1.4891625862590994,-0.16723449137173718,0.3617756353563135,0.26097560975609757
29,KO3,-0.029146345659516508,-0.04801239781305444,-0.018866052153537934,0.1943534868410468,0.24840525328330212
29,CA1,0.5849625007211562,0.46411595530584204,-0.12084654541531414,0.2707303898965365,0.2654784240150094
29,CA2,1.0,0.9298246879108225,-0.07017531208917749,0.40130729322614683,0.41482176360225154
30,NTC_1,0.0,-0.40375723652765405,-0.40375723652765405,0.17632263444291332,0.17293233082706763
30,KO1,-2.0,-2.522250078248235,-0.5222500782482351,0.3391752294679481,0.27917448405253287
30,KO2,-1.3219280948873622,-1.7126592617504324,-0.3907311668630702,0.14038732129623818,0.12345215759849908
30,KO3,-0.029146345659516508,-0.38814940266534936,-0.35900305700583285,0.3878738139005819,0.29962476547842404
30,CA1,0.5849625007211562,0.17320475764348853,-0.41175774307766766,0.28878402527829694,0.25666041275797374
30,CA2,1.0,0.6455563086993967,-0.35444369130060327,0.302760684660033,0.32213883677298316
31,NTC_1,0.0,-0.296567581223699,-0.296567581223699,0.4660661037266469,0.3142857142857143
31,KO1,-2.0,-2.0992516499035085,-0.09925164990350854,0.11789373325441888,0.13114446529080678
31,KO2,-1.3219280948873622,-1.591966293381902,-0.2700381984945399,0.22601386029960216,0.25347091932457794
31,KO3,-0.029146345659516508,-0.12312855534479272,-0.09398220968527621,0.4742825166814641,0.5180112570356473
31,CA1,0.5849625007211562,0.4316547889240061,-0.15330771179715008,0.5361746569354224,0.4356472795497186
31,CA2,1.0,0.8304303664691721,-0.16956963353082788,0.5106197305057041,0.4335834896810507
32,NTC_1,0.0,-0.41730990223810327,-0.41730990223810327,-0.15042934622863632,-0.1789473684210526
32,KO1,-2.0,-2.5958756428234304,-0.5958756428234304,0.3457624272313362,0.35572232645403384
32,KO2,-1.3219280948873622,-1.82554306797907,-0.5036149730917079,0.31837408714989557,0.276923076923077
32,KO3,-0.029146345659516508,-0.5856048088543142,-0.5564584631947977,0.18635786694001957,0.20750469043151973
32,CA1,0.5849625007211562,0.13958201594426978,-0.4453804847768864,0.1592122777462629,0.1397748592870544
32,CA2,1.0,0.6950667876727854,-0.3049332123272146,0.13645149942710227,0.19193245778611634
33,NTC_1,0.0,-0.11637797169611108,-0.11637797169611108,0.26918381580379197,0.19999999999999998
33,KO1,-2.0,-2.0259202938549246,-0.02592029385492456,0.14519172183939283,0.1455909943714822
33,KO2,-1.3219280948873622,-1.566073082017156,-0.24414498712979382,0.4596508220930405,0.4196998123827393
33,KO3,-0.029146345659516508,-0.24587120823785913,-0.21672486257834261,-0.008000336421950156,-0.02138836772983115
33,CA1,0.5849625007211562,0.5529850501544749,-0.03197745056668133,0.5186124995381212,0.4157598499061914
33,CA2,1.0,0.9636329192645823,-0.03636708073541772,0.5676449539572989,0.55140712945591
34,NTC_1,0.0,0.1297448653705393,0.1297448653705393,0.7040668919681669,0.6646616541353383
34,KO1,-2.0,-1.8594614487163748,0.14053855128362525,0.39632447019860495,0.27091932457786116
34,KO2,-1.3219280948873622,-1.248765132950994,0.07316296193636829,0.2786530701958976,0.19268292682926833
34,KO3,-0.029146345659516508,-6.594471857201967e-05,0.02908040094094449,0.4564150969572194,0.3690431519699813
34,CA1,0.5849625007211562,0.5002120513446604,-0.08475044937649578,0.612860870020797,0.6133208255159476
34,CA2,1.0,0.9238928336627756,-0.07610716633722436,0.5006529400769574,0.5317073170731708
35,NTC_1,0.0,-0.06172194294855249,-0.06172194294855249,0.3651919612688346,0.3744360902255639
35,KO1,-2.0,-2.1793266754619802,-0.17932667546198022,0.42224038115062323,0.45046904315197006
35,KO2,-1.3219280948873622,-1.468766353654119,-0.1468382587667567,0.5601357904329319,0.5339587242026268
35,KO3,-0.029146345659516508,-0.22529234700128686,-0.19614600134177035,0.22013123540063562,0.35834896810506567
35,CA1,0.5849625007211562,0.20602498240545142,-0.37893751831570477,0.1723071713300272,0.1727954971857411
35,CA2,1.0,0.8667205352313792,-0.13327946476862085,0.4501448590937106,0.38949343339587245
36,NTC_1,0.0,-0.35041394047662866,-0.35041394047662866,-0.23241316220515257,-0.2601503759398496
36,KO1,-2.0,-2.2400309067241873,-0.24003090672418725,0.13502656113283365,0.09793621013133211
36,KO2,-1.3219280948873622,-1.5429193001262869,-0.22099120523892468,0.590352479403527,0.6166979362101315
36,KO3,-0.029146345659516508,-0.13372196965143335,-0.10457562399191683,0.4826202921885084,0.4401500938086304
36,CA1,0.5849625007211562,0.39575467295720923,-0.18920782776394696,0.4038539543298184,0.3435272045028143
36,CA2,1.0,0.7617529410846506,-0.23824705891534936,0.49246176779282125,0.5405253283302065
37,NTC_1,0.0,0.09653554148748267,0.09653554148748267,0.11231581537156386,0.1413533834586466
37,KO1,-2.0,-1.8636399727337087,0.13636002726629126,0.11759107503140276,0.08611632270168856
37,KO2,-1.3219280948873622,-1.4468270760051931,-0.12489898111783093,0.38456628823117045,0.26097560975609757
37,KO3,-0.029146345659516508,-0.038988731431218504,-0.009842385771701996,0.2537548128441994,0.1986866791744841
37,CA1,0.5849625007211562,0.6121510047443186,0.02718850402316242,0.4716602083766632,0.4480300187617261
37,CA2,1.0,0.9806579131610667,-0.019342086838933348,0.5214107916430665,0.4602251407129457
38,NTC_1,0.0,-0.2334629517070974,-0.2334629517070974,0.6243006842892337,0.6827067669172932
38,KO1,-2.0,-2.1651224117748464,-0.16512241177484643,0.5120219883147573,0.4851782363977487
38,KO2,-1.3219280948873622,-1.3274494629375662,-0.005521368050203979,0.24928297068070118,0.24446529080675425
38,KO3,-0.029146345659516508,-0.12930168919489038,-0.10015534353537386,0.5541927860887013,0.5461538461538462
38,CA1,0.5849625007211562,0.4957102317340647,-0.08925226898709149,0.1543379065284124,0.11482176360225141
38,CA2,1.0,0.8733604926593577,-0.12663950734064233,0.4606065688222967,0.4082551594746718
39,NTC_1,0.0,0.08008465952947486,0.08008465952947486,0.45801571775868904,0.40751879699248117
39,KO1,-2.0,-2.1218229752056326,-0.12182297520563257,0.3311887529004621,0.34502814258911824
39,KO2,-1.3219280948873622,-1.3339373093120779,-0.012009214424715697,0.3253762352092979,0.33170731707317075
39,KO3,-0.029146345659516508,0.010757305098322512,0.03990365075783902,0.3008763381490621,0.21932457786116324
39,CA1,0.5849625007211562,0.6336029548175608,0.048640454096404606,0.4653897270075532,0.4632270168855535
39,CA2,1.0,0.9666846770770823,-0.03331532292291772,0.2877529188555784,0.32138836772983115
40,NTC_1,0.0,0.00795254893377173,0.00795254893377173,0.4856644051463425,0.5774436090225563
40,KO1,-2.0,-2.0050531845562185,-0.005053184556218504,0.33768853061461007,0.37673545966228894
40,KO2,-1.3219280948873622,-1.3531123619549001,-0.031184267067537963,0.4464490706897863,0.37786116322701696
40,KO3,-0.029146345659516508,-0.06543459706232202,-0.03628825140280551,0.5281256414926621,0.47523452157598506
40,CA1,0.5849625007211562,0.5148137588031565,-0.07014874191799969,0.3848253785135909,0.37354596622889313
40,CA2,1.0,0.8756531257159983,-0.12434687428400171,0.4013111173932764,0.403189493433396
41,NTC_1,0.0,-0.11791529469415796,-0.11791529469415796,0.28098855316908267,0.3037593984962406
41,KO1,-2.0,-2.1292432766430105,-0.1292432766430105,0.4431005354991974,0.5058161350844278
41,KO2,-1.3219280948873622,-1.2643486481182302,0.05757944676913196,0.29842787691975137,0.2600375234521577
41,KO3,-0.029146345659516508,-0.0217763405315603,0.007370005127956207,0.1071325868252255,0.0726078799249531
41,CA1,0.5849625007211562,0.4252174872882639,-0.15974501343289227,0.1031982605149753,0.1178236397748593
41,CA2,1.0,0.901674606276301,-0.09832539372369897,0.5333695254217274,0.5799249530956848
42,NTC_1,0.0,0.05135045237615454,0.05135045237615454,0.3374401364036316,0.27518796992481204
42,KO1,-2.0,-1.70837416462824,0.29162583537176,0.2746457754788563,0.2078799249530957
42,KO2,-1.3219280948873622,-1.2727133255474294,0.04921476933993274,0.09787909961155926,0.13564727954971859
42,KO3,-0.029146345659516508,0.1283086318500315,0.157454977509548,0.5121506027940647,0.48461538461538467
42,CA1,0.5849625007211562,0.83148179240301,0.24651929168185382,0.42513573157621354,0.4804878048780489
42,CA2,1.0,1.1155303496845042,0.11553034968450415,0.5003764644266218,0.4842401500938087
43,NTC_1,0.0,-0.19973339848444116,-0.19973339848444116,0.24262764238255352,0.23759398496240602
43,KO1,-2.0,-2.022613666581365,-0.02261366658136499,0.301933887216258,0.2181988742964353
43,KO2,-1.3219280948873622,-1.3417259674541677,-0.01979787256680554,0.5572631527976284,0.4998123827392121
43,KO3,-0.029146345659516508,-0.34713377766534936,-0.31798743200583285,0.35396741644161,0.35722326454033776
43,CA1,0.5849625007211562,0.4182270545490061,-0.16673544617215008,0.4856892347580328,0.44033771106941844
43,CA2,1.0,0.9677899856097971,-0.03221001439020288,0.466512963911951,0.5378986866791745
44,NTC_1,0.0,-0.152740619706365,-0.152740619706365,0.3431095798888316,0.34285714285714286
44,KO1,-2.0,-2.2597383480541433,-0.2597383480541433,-0.017787188604715523,-0.05215759849906192
44,KO2,-1.3219280948873622,-1.5606819611065115,-0.2387538662191493,0.42770351858371536,0.3812382739212008
44,KO3,-0.029146345659516508,-0.39711775593683374,-0.3679714102773172,0.379881036023466,0.36791744840525337
44,CA1,0.5849625007211562,0.39592681117132056,-0.18903568954983563,0.14661608892471426,0.16660412757973736
44,CA2,1.0,0.6265476722247874,-0.37345232777521264,0.38393391869160864,0.2819887429643528
45,NTC_1,0.0,-1.6237451057903494,-1.6237451057903494,0.005247439388146449,0.06766917293233082
45,KO1,-2.0,-2.5797010879986013,-0.5797010879986013,0.16223815353131266,0.19587242026266422
45,KO2,-1.3219280948873622,-2.274817846345159,-0.9528897514577968,0.20754218598250623,0.23489681050656663
45,KO3,-0.029146345659516508,-1.369715831803533,-1.3405694861440165,0.30412460109493544,0.2812382739212008
45,CA1,0.5849625007211562,-1.1266976814739431,-1.7116601821950992,-0.37368665638216364,-0.36416510318949347
45,CA2,1.0,-0.7641169052593435,-1.7641169052593435,0.30692769808832787,0.34484052532833026
46,NTC_1,0.0,-0.24073471836969507,-0.24073471836969507,0.4806938106049443,0.4421052631578947
46,KO1,-2.0,-2.247258089112493,-0.24725808911249292,0.26807269366644954,0.1834896810506567
46,KO2,-1.3219280948873622,-1.4784127693645681,-0.15648467447720593,0.4774010262739893,0.45422138836772985
46,KO3,-0.029146345659516508,-0.2717782478801931,-0.2426319022206766,0.3777027296403421,0.32007504690431526
46,CA1,0.5849625007211562,0.48468766398504126,-0.10027483673611493,0.24766480069286373,0.2187617260787993
46,CA2,1.0,0.7975071448810374,-0.20249285511896264,0.3019435477008271,0.2928705440900563
47,NTC_1,0.0,0.10646233744695532,0.10646233744695532,-0.0878699765076392,-0.037593984962406006
47,KO1,-2.0,-1.964625738190862,0.03537426180913794,0.434807254965619,0.3562851782363978
47,KO2,-1.3219280948873622,-1.330209873246404,-0.00828177835904187,-0.08779547513457106,-0.11744840525328332
47,KO3,-0.029146345659516508,0.06192383952215064,0.09107018518166715,0.4147995458524955,0.35553470919324587
47,CA1,0.5849625007211562,0.6669295806415354,0.08196707992037922,0.2715633598604524,0.28461538461538466
47,CA2,1.0,0.9351948279865061,-0.0648051720134939,0.3727003349082207,0.10825515947467168
48,NTC_1,0.0,-0.12957396321222436,-0.12957396321222436,0.33703888269107124,0.3293233082706767
48,KO1,-2.0,-2.122980974244329,-0.12298097424432886,0.15636189390982297,0.20243902439024392
48,KO2,-1.3219280948873622,-1.6840790729992117,-0.3621509781118495,0.39475610108256237,0.43189493433395876
48,KO3,-0.029146345659516508,-0.12902321629449975,-0.09987687063498324,0.42942403778032534,0.3071294559099437
48,CA1,0.5849625007211562,0.37783084101751196,-0.20713165970364422,0.2682552408662527,0.18930581613508446
48,CA2,1.0,0.7891958732135569,-0.2108041267864431,0.4870260782775661,0.501313320825516
49,NTC_1,0.0,0.2310608405597483,0.2310608405597483,0.4092614348770733,0.3789473684210526
49,KO1,-2.0,-1.9368044357769216,0.06319556422307837,0.2999183267249958,0.3129455909943715
49,KO2,-1.3219280948873622,-1.4107848625652517,-0.08885676767788953,0.11210151172360214,0.08067542213883679
49,KO3,-0.029146345659516508,0.026148178053644777,0.055294523713161285,0.4925615169871498,0.5206378986866792
49,CA1,0.5849625007211562,0.6352566260822092,0.050294125361053044,0.4420397532728017,0.3155722326454034
49,CA2,1.0,1.1512273330219065,0.1512273330219065,0.4159538369257673,0.41651031894934337
50,NTC_1,0.0,0.05515561289861548,0.05515561289861548,0.24580071225260935,0.12180451127819547
50,KO1,-2.0,-1.9546154957287039,0.045384504271296144,0.23246030932599648,0.27035647279549724
50,KO2,-1.3219280948873622,-1.4384528618328298,-0.11652476694546765,0.13270565423664255,0.16472795497185744
50,KO3,-0.029146345659516508,-0.07961191945001733,-0.050465573790500824,0.20586782870939463,0.25234521575985
50,CA1,0.5849625007211562,0.5785149116046702,-0.006447589116486019,0.5130202742870271,0.5735459662288932
50,CA2,1.0,0.9099248427875315,-0.0900751572124685,0.3969793404777526,0.40187617260787994
51,NTC_1,0.0,-0.04950442128107202,-0.04950442128107202,0.4835124293599083,0.37293233082706767
51,KO1,-2.0,-1.9490257721416677,0.05097422785833228,0.16305767194247445,0.12363977485928707
51,KO2,-1.3219280948873622,-1.3079596977703298,0.01396839711703235,0.038064425379884914,0.056285178236397754
51,KO3,-0.029146345659516508,-0.03570856861993921,-0.006562222960422699,0.11887061069430213,0.09587242026266417
51,CA1,0.5849625007211562,0.5771354217059885,-0.00782707901516766,0.37287988541515066,0.3797373358348969
51,CA2,1.0,0.9004767913348948,-0.09952320866510522,0.22294363546589616,0.21257035647279554
52,NTC_1,0.0,-1.221971176194402,-1.221971176194402,0.11324060214904141,0.10526315789473684
52,KO1,-2.0,-2.859645507859441,-0.8596455078594412,0.30462608360458426,0.34878048780487814
52,KO2,-1.3219280948873622,-2.1820763569347585,-0.8601482620473964,0.14291228389710842,0.12213883677298315
52,KO3,-0.029146345659516508,-1.1302119713299001,-1.1010656256703837,0.16558490320587452,0.2482176360225141
52,CA1,0.5849625007211562,-0.562831066178533,-1.147793566899689,-0.04004310893242895,-0.09737335834896811
52,CA2,1.0,-0.13236012272760522,-1.1323601227276052,0.3425612136615406,0.4442776735459663
53,NTC_1,0.0,-0.32762923054620874,-0.32762923054620874,0.6156788180735042,0.5097744360902255
53,KO1,-2.0,-2.1816941719524587,-0.18169417195245874,0.07468904674631441,0.09774859287054409
53,KO2,-1.3219280948873622,-1.503373287247869,-0.1814451923605067,0.3295785018044841,0.2433395872420263
53,KO3,-0.029146345659516508,-0.1645843010418142,-0.1354379553822977,0.2214335657971453,0.1703564727954972
53,CA1,0.5849625007211562,0.4694837111957346,-0.11547878952542157,0.2846126915725613,0.23658536585365858
53,CA2,1.0,0.7655533332355295,-0.23444666676447046,0.5555939860366337,0.5667917448405254
54,NTC_1,0.0,-0.8642021637432302,-0.8642021637432302,-0.13528772977295606,-0.05413533834586466
54,KO1,-2.0,-2.877425096558782,-0.877425096558782,0.036428399062059365,0.014071294559099438
54,KO2,-1.3219280948873622,-2.1909734230510916,-0.8690453281637294,0.1223658510500861,0.14183864915572234
54,KO3,-0.029146345659516508,-1.0061494331829275,-0.977003087523411,0.35374317338126177,0.43808630393996256
54,CA1,0.5849625007211562,-0.44160094075128686,-1.026563441472443,0.19486177107967095,0.20206378986866794
54,CA2,1.0,0.17911706156804907,-0.8208829384319509,0.12540360769941977,0.004315196998123829
55,NTC_1,0.0,-0.480870388077947,-0.480870388077947,0.47495387102544173,0.3413533834586466
55,KO1,-2.0,-2.3636232834331716,-0.36362328343317163,0.1556899776326515,0.11219512195121951
55,KO2,-1.3219280948873622,-1.5390545349590505,-0.21712644007168835,0.044142018679627734,0.053095684803001884
55,KO3,-0.029146345659516508,-0.3443199615947927,-0.3151736159352762,0.31778999925197615,0.301500938086304
55,CA1,0.5849625007211562,0.3704021949298655,-0.2145603057912907,0.4537238673740599,0.41801125703564734
55,CA2,1.0,0.7781408805377756,-0.22185911946222436,0.2707541146489254,0.21238273921200754
56,NTC_1,0.0,-0.45053734593317163,-0.45053734593317163,-0.007568735241389943,-0.08571428571428572
56,KO1,-2.0,-2.2655767422191824,-0.26557674221918237,0.10683440322457131,0.06979362101313322
56,KO2,-1.3219280948873622,-1.5481211166851248,-0.22619302179776257,0.28979738040126723,0.28874296435272045
56,KO3,-0.029146345659516508,-0.37514414601251733,-0.3459978003530008,0.3997909236512993,0.38536585365853665
56,CA1,0.5849625007211562,0.30427918620183814,-0.28068331451931805,0.1998595681706631,0.23433395872420262
56,CA2,1.0,0.6949637908466135,-0.3050362091533865,0.2767065850046824,0.20975609756097563
57,NTC_1,0.0,-1.5406180840007986,-1.5406180840007986,0.5401018725066036,0.7203007518796991
57,KO1,-2.0,-3.3166166763775076,-1.3166166763775076,0.17981377724947595,0.18649155722326455
57,KO2,-1.3219280948873622,-2.93998660855219,-1.618058513664828,0.17729608220646917,0.2058161350844278
57,KO3,-0.029146345659516508,-1.4978448372356619,-1.4686984915761454,0.1667678745627159,0.302251407129456
57,CA1,0.5849625007211562,-0.8344508629314626,-1.4194133636526187,0.08510913039956366,0.18630393996247654
57,CA2,1.0,-0.595855854081365,-1.595855854081365,-0.003266954004906812,0.03958724202626642
58,NTC_1,0.0,-0.1649347763530935,-0.1649347763530935,0.3289718340363943,0.20902255639097742
58,KO1,-2.0,-2.191134117173406,-0.191134117173406,0.20555797256339423,0.13602251407129456
58,KO2,-1.3219280948873622,-1.4257213097088064,-0.10379321482144421,0.4612861233053924,0.37242026266416517
58,KO3,-0.029146345659516508,-0.2134739380352224,-0.1843275923757059,-0.06271260001060783,-0.014071294559099438
58,CA1,0.5849625007211562,0.3510845679767405,-0.2338779327444157,0.6373063397568903,0.5977485928705442
58,CA2,1.0,1.0477226752765452,0.04772267527654517,0.40370647859544423,0.3801125703564729
59,NTC_1,0.0,-0.45697941594049585,-0.45697941594049585,0.38450480738201087,0.35488721804511275
59,KO1,-2.0,-2.337611578034612,-0.33761157803461206,0.37279337972682836,0.41744840525328336
59,KO2,-1.3219280948873622,-1.4561983566753591,-0.13427026178799695,0.23815769807290726,0.27729831144465295
59,KO3,-0.029146345659516508,-0.25646319203302514,-0.22731684637350863,0.037497595158940356,0.004690431519699813
59,CA1,0.5849625007211562,0.32199607081487525,-0.26296642990628094,0.24925827294654718,0.3084427767354597
59,CA2,1.0,0.9653433341510569,-0.03465666584894311,0.3740454173438565,0.33733583489681057
60,NTC_1,0.0,-0.12976660542413843,-0.12976660542413843,0.3975439717778327,0.20300751879699244
60,KO1,-2.0,-1.9129938107006277,0.08700618929937232,0.3821518178572855,0.3105065666041277
60,KO2,-1.3219280948873622,-1.4360228996746267,-0.11409480478726453,0.3284898932663108,0.27523452157598505
60,KO3,-0.029146345659516508,0.02208075709417212,0.05122710275368863,0.35369953555996586,0.28630393996247655
60,CA1,0.5849625007211562,0.6694158095844065,0.08445330886325031,0.4518392919530445,0.43602251407129466
60,CA2,1.0,1.057917453718928,0.05791745371892798,0.27523000005991594,0.2870544090056285
61,NTC_1,0.0,-0.13627352528497827,-0.13627352528497827,0.6319783263284151,0.6406015037593984
61,KO1,-2.0,-2.0916666012279714,-0.09166660122797143,0.4358780822042915,0.33808630393996253
61,KO2,-1.3219280948873622,-1.4897958260051931,-0.16786773111783093,0.17005556056747717,0.1803001876172608
61,KO3,-0.029146345659516508,-0.09262385182306421,-0.06347750616354769,0.41689140013054443,0.3694183864915573
61,CA1,0.5849625007211562,0.400601722670344,-0.1843607780508122,0.5071709998462071,0.453658536585366
61,CA2,1.0,0.7882193107135569,-0.2117806892864431,0.1859693171792895,0.15572232645403378
62,NTC_1,0.0,-0.38178458027765405,-0.38178458027765405,0.033694928412824246,0.17593984962406017
62,KO1,-2.0,-2.4961091499798025,-0.4961091499798025,0.029776495746229408,0.04484052532833021
62,KO2,-1.3219280948873622,-1.7383417110912527,-0.4164136162038905,0.35523989555269514,0.29943714821763606
62,KO3,-0.029146345659516508,-0.664067409562322,-0.6349210639028056,-0.06630038502857122,-0.0926829268292683
62,CA1,0.5849625007211562,-0.045446537064763426,-0.6304090377859196,0.16865396217562836,0.2041275797373359
62,CA2,1.0,0.5439976233966624,-0.45600237660333764,0.23478899340671014,0.2427767354596623
63,NTC_1,0.0,-0.039373539017888426,-0.039373539017888426,0.41337086996260214,0.3744360902255639
63,KO1,-2.0,-2.2098213654033865,-0.20982136540338647,0.28506505556999273,0.28461538461538466
63,KO2,-1.3219280948873622,-1.361546657609197,-0.03961856272183484,0.2911157217261387,0.3318949343339588
63,KO3,-0.029146345659516508,-0.10947527699396264,-0.08032893133444613,0.60460286656081,0.5335834896810507
63,CA1,0.5849625007211562,0.6878698844440256,0.10290738372286945,0.32274632563039024,0.33208255159474676
63,CA2,1.0,1.103102542830256,0.1031025428302561,0.35636750262343586,0.2022514071294559
64,NTC_1,0.0,-0.09495272450372827,-0.09495272450372827,0.3725236655641557,0.31729323308270674
64,KO1,-2.0,-2.1389969807140554,-0.13899698071405542,0.5104911641094836,0.4829268292682927
64,KO2,-1.3219280948873622,-1.388939521836492,-0.06701142694912976,0.5047815846376702,0.44859287054409014
64,KO3,-0.029146345659516508,0.008603431654718996,0.037749777314235504,0.47894442316471203,0.43583489681050663
64,CA1,0.5849625007211562,0.5804146308429514,-0.004547869878204769,0.43516526364321145,0.4221388367729832
64,CA2,1.0,0.9799736518390452,-0.020026348160954832,0.47839356233368957,0.41200750469043157
65,NTC_1,0.0,-0.05623974614069116,-0.05623974614069116,-0.15324033588357036,-0.15939849624060148
65,KO1,-2.0,-2.1922806721203054,-0.19228067212030542,0.4254137822387432,0.3242026266416511
65,KO2,-1.3219280948873622,-1.569413326310369,-0.2474852314230067,0.2269597169472981,0.1984990619136961
65,KO3,-0.029146345659516508,-0.1154657822124685,-0.08631943655295199,0.04412135365050279,0.04371482176360226
65,CA1,0.5849625007211562,0.5125263709552561,-0.07243612976590008,0.512118746945837,0.5393996247654785
65,CA2,1.0,0.8579567451007639,-0.14204325489923608,0.09635855494976926,0.07410881801125704
66,NTC_1,0.0,-0.05341400914117944,-0.05341400914117944,0.3912569540902966,0.4601503759398496
66,KO1,-2.0,-2.048433921860906,-0.048433921860906004,0.4386348320539004,0.4442776735459663
66,KO2,-1.3219280948873622,-1.3593203049175466,-0.03739221003018445,0.49153639893455625,0.45178236397748606
66,KO3,-0.029146345659516508,-0.015013835953923582,0.014132509705592926,0.5639358888987342,0.43039399624765484
66,CA1,0.5849625007211562,0.48897633738592017,-0.09598616333523602,0.5457737377555278,0.576547842401501
66,CA2,1.0,0.9968503493793284,-0.003149650620671629,0.5060309659064249,0.43789868667917453
67,NTC_1,0.0,-0.3380948524944509,-0.3380948524944509,0.5439959417860314,0.5624060150375939
67,KO1,-2.0,-1.9406830292217458,0.05931697077825415,0.3522538770372138,0.3232645403377111
67,KO2,-1.3219280948873622,-1.4887620430462087,-0.16683394815884656,0.5600047594832191,0.5275797373358351
67,KO3,-0.029146345659516508,-0.09865393452570093,-0.06950758886618441,0.27430050125500854,0.26228893058161357
67,CA1,0.5849625007211562,0.4455359954364573,-0.1394265052846989,0.541368749611767,0.5836772983114447
67,CA2,1.0,0.9338124770648752,-0.06618752293512475,0.3520447961269088,0.33996247654784245
68,NTC_1,0.0,-0.04085173420831811,-0.04085173420831811,0.10684897451261968,0.07969924812030074
68,KO1,-2.0,-2.097824953126165,-0.0978249531261648,0.07464706972384785,0.027204502814258912
68,KO2,-1.3219280948873622,-1.5269152145855154,-0.2049871196981532,0.18013183182085946,0.2206378986866792
68,KO3,-0.029146345659516508,-0.3349143486492361,-0.30576800298971957,0.3040790830467554,0.2934333958724203
68,CA1,0.5849625007211562,0.46710858531072486,-0.11785391541043133,0.408292600489372,0.39099437148217636
68,CA2,1.0,0.6859382171161448,-0.3140617828838552,0.33221544440532524,0.35572232645403384
69,NTC_1,0.0,-0.2610765915386404,-0.2610765915386404,0.44892138348878086,0.437593984962406
69,KO1,-2.0,-2.60554852299616,-0.6055485229961599,0.5120461127824444,0.4118198874296436
69,KO2,-1.3219280948873622,-1.6400515060894216,-0.31812341120205945,0.25575396968501674,0.30037523452157605
69,KO3,-0.029146345659516508,-0.4208260994426931,-0.3916797537831766,0.41592723156102795,0.37542213883677306
69,CA1,0.5849625007211562,0.21590314097478736,-0.36905935974636883,0.30164516930590257,0.1681050656660413
69,CA2,1.0,0.6961921233661448,-0.3038078766338552,0.45599763126249426,0.4589118198874297
70,NTC_1,0.0,-0.2178536873333181,-0.2178536873333181,0.18073102772836228,0.21654135338345865
70,KO1,-2.0,-2.034114263581487,-0.03411426358148706,0.528393262639791,0.5380863039399626
70,KO2,-1.3219280948873622,-1.4578334312908376,-0.13590533640347546,0.028559304205502345,0.057223264540337715
70,KO3,-0.029146345659516508,-0.3695823173992361,-0.34043597173971957,0.6040356153304158,0.5998123827392121
70,CA1,0.5849625007211562,0.35434279627874243,-0.23061970444241375,0.4830708147376364,0.376172607879925
70,CA2,1.0,0.8039740104205881,-0.19602598957941186,0.4752932777951856,0.477110694183865
71,NTC_1,0.0,-0.024827144669743895,-0.024827144669743895,0.28607411461315235,0.25864661654135335
71,KO1,-2.0,-2.0372368317119802,-0.03723683171198022,0.17921446524063192,0.1727954971857411
71,KO2,-1.3219280948873622,-1.4214216690532888,-0.09949357416592663,0.2859162311238085,0.24596622889305816
71,KO3,-0.029146345659516508,-0.04224266819879663,-0.013096322539280121,0.26325835679433535,0.2641651031894935
71,CA1,0.5849625007211562,0.47568021006658423,-0.10928229065457196,0.4665293181514866,0.4870544090056285
71,CA2,1.0,0.9022358436115061,-0.0977641563884939,0.24215722593088884,0.23771106941838657
72,NTC_1,0.0,-0.03535857014581811,-0.03535857014581811,0.43895518250026094,0.43909774436090226
72,KO1,-2.0,-2.1270109634868826,-0.12701096348688257,0.5330328186580684,0.5350844277673547
72,KO2,-1.3219280948873622,-1.3884250145427908,-0.06649691965542859,0.20016223286976126,0.15834896810506568
72,KO3,-0.029146345659516508,-0.002119682358952879,0.02702666330056363,0.2907349998017844,0.3463414634146342
72,CA1,0.5849625007211562,0.5451119918353831,-0.03985050888577313,0.16476279089018767,0.15515947467166982
72,CA2,1.0,1.048799850416926,0.04879985041692603,0.2815807597190668,0.32551594746716705
73,NTC_1,0.0,-1.0738889198772634,-1.0738889198772634,-0.012568749166317048,0.037593984962406006
73,KO1,-2.0,-3.0319444160930837,-1.0319444160930837,0.30489141782094586,0.4818011257035648
73,KO2,-1.3219280948873622,-2.493526123093816,-1.171598028206454,0.056851849149483866,0.1553470919324578
73,KO3,-0.029146345659516508,-0.9677673798076833,-0.9386210341481669,0.3446465565833547,0.4136960600375235
73,CA1,0.5849625007211562,-0.41150584034845483,-0.996468341069611,-0.02987066694319981,0.056285178236397754
73,CA2,1.0,-0.09811987690851343,-1.0981198769085134,0.006587644846103306,0.15834896810506568
74,NTC_1,0.0,0.2954672355182444,0.2954672355182444,0.45295829155603107,0.38646616541353385
74,KO1,-2.0,-2.063465259598943,-0.06346525959894311,0.20903973259654157,0.18067542213883678
74,KO2,-1.3219280948873622,-1.2861510735027517,0.035777021384610475,0.25655122850815687,0.1977485928705441
74,KO3,-0.029146345659516508,0.08915410227849829,0.11830044793801481,0.1752058279760676,0.17954971857410884
74,CA1,0.5849625007211562,0.6745060462482249,0.08954354552706867,0.47724535085835484,0.49549718574108825
74,CA2,1.0,1.0923713225848948,0.09237132258489478,0.4732761980614568,0.451969981238274
75,NTC_1,0.0,0.01790557093694556,0.01790557093694556,0.535700332091136,0.5308270676691729
75,KO1,-2.0,-2.2145425301067556,-0.2145425301067556,0.05507514242987859,0.021951219512195124
75,KO2,-1.3219280948873622,-1.436112545060369,-0.11418445017300671,0.21770918944743325,0.2101313320825516
75,KO3,-0.029146345659516508,0.03267512507512915,0.06182147073464566,0.42037415557043584,0.3180112570356473
75,CA1,0.5849625007211562,0.5186851996906077,-0.06627730103054852,0.4285476331621057,0.44502814258911827
75,CA2,1.0,1.0696419257648264,0.06964192576482642,0.28646632423933305,0.2705440900562852
76,NTC_1,0.0,-0.02610077671930444,-0.02610077671930444,0.18108463813009285,0.048120300751879695
76,KO1,-2.0,-2.1740590553753103,-0.1740590553753103,0.07755147961421878,0.10900562851782367
76,KO2,-1.3219280948873622,-1.3504282455913748,-0.028500150704012572,0.3401554265886059,0.38424015009380863
76,KO3,-0.029146345659516508,-0.31929888539240014,-0.29015253973288363,0.33200977295746603,0.21951219512195125
76,CA1,0.5849625007211562,0.36040196604802954,-0.22456053467312664,0.5545405531158112,0.5934333958724204
76,CA2,1.0,0.7693670768268381,-0.23063292317316186,0.5391648581620221,0.5497185741088181
77,NTC_1,0.0,-0.2417479973308767,-0.2417479973308767,0.27908830407989405,0.12030075187969923
77,KO1,-2.0,-2.142808578538152,-0.1428085785381521,0.13583368958002467,0.08442776735459663
77,KO2,-1.3219280948873622,-1.5292178612224783,-0.2072897663351161,0.4129439164704773,0.37242026266416517
77,KO3,-0.029146345659516508,-0.13277306370660913,-0.10362671804709261,0.2792184202684709,0.2538461538461539
77,CA1,0.5849625007211562,0.3041227836139475,-0.2808397171072087,0.47403964336329185,0.4707317073170732
77,CA2,1.0,0.8943213004596506,-0.10567869954034936,0.4338429721822849,0.3037523452157599
78,NTC_1,0.0,-0.7294212799541677,-0.7294212799541677,0.3002700498005286,0.21052631578947367
78,KO1,-2.0,-3.003601692246648,-1.0036016922466482,0.07595003463275561,0.07786116322701689
78,KO2,-1.3219280948873622,-2.036966465043279,-0.7150383701559169,0.20851283018696765,0.07429643527204503
78,KO3,-0.029146345659516508,-0.9049655418865408,-0.8758191962270243,0.12128762488052704,0.05478424015009382
78,CA1,0.5849625007211562,-0.1905681114666189,-0.7755306121877751,0.3243445360896231,0.30694183864915575
78,CA2,1.0,0.158109046889094,-0.841890953110906,0.18037246650508254,0.16378986866791745
79,NTC_1,0.0,-0.29726662449762475,-0.29726662449762475,0.45366149169038805,0.5112781954887218
79,KO1,-2.0,-2.1166702728740896,-0.1166702728740896,0.4156463723431151,0.34296435272045034
79,KO2,-1.3219280948873622,-1.4909392815105642,-0.16901118662320203,0.034103423383125754,0.03583489681050657
79,KO3,-0.029146345659516508,-0.33155264668390405,-0.30240630102438754,-0.07407580782709614,-0.09643527204502816
79,CA1,0.5849625007211562,0.45169911570623267,-0.13326338501492352,0.49420642472940246,0.4375234521575986
79,CA2,1.0,0.6880062598712717,-0.31199374012872827,0.5688970296786899,0.45984990619136973
80,NTC_1,0.0,-0.31170382313654077,-0.31170382313654077,-0.0903140982015024,-0.08571428571428572
80,KO1,-2.0,-2.3246995430462087,-0.32469954304620874,0.5266837445863652,0.5487804878048781
80,KO2,-1.3219280948873622,-1.5200907211773123,-0.19816262628995007,0.4087674236570841,0.3851782363977487
80,KO3,-0.029146345659516508,-0.25571551136896264,-0.22656916570944613,0.25395945608215087,0.24165103189493436
80,CA1,0.5849625007211562,0.5066627044208323,-0.07829979630032391,0.4572786874542243,0.43395872420262666
80,CA2,1.0,0.8425816077716624,-0.15741839222833764,0.044424375786650136,0.0776735459662289
81,NTC_1,0.0,-0.2824102859966482,-0.2824102859966482,0.626395733345315,0.6075187969924812
81,KO1,-2.0,-2.179734609650823,-0.179734609650823,0.42706984659983926,0.42851782363977486
81,KO2,-1.3219280948873622,-1.60845961384699,-0.2865315189596278,0.368786511670913,0.3994371482176361
81,KO3,-0.029146345659516508,-0.3597403984539236,-0.33059405279440707,0.3984614279914415,0.4493433395872421
81,CA1,0.5849625007211562,0.2259510535724436,-0.3590114471487126,0.3415573834524798,0.29699812382739216
81,CA2,1.0,0.5445621985919749,-0.45543780140802514,0.2597528561270087,0.26772983114446536
82,NTC_1,0.0,-0.07027592472955835,-0.07027592472955835,0.6846523469041152,0.6466165413533834
82,KO1,-2.0,-1.98517122082636,0.014828779173639894,0.3946016923247656,0.38255159474671674
82,KO2,-1.3219280948873622,-1.468372009324285,-0.14644391443692273,0.34924191500157986,0.301125703564728
82,KO3,-0.029146345659516508,-0.11086907200739038,-0.08172272634787386,0.10073577820157306,0.08292682926829269
82,CA1,0.5849625007211562,0.6455906409747874,0.06062814025363117,0.47888572353417747,0.4470919324577862
82,CA2,1.0,0.7902191657550608,-0.2097808342449392,0.5626236880346598,0.5345215759849906
83,NTC_1,0.0,-0.40893568806574,-0.40893568806574,0.4299052762762632,0.3804511278195489
83,KO1,-2.0,-2.2268365841381277,-0.22683658413812768,0.33151271762245255,0.37767354596622893
83,KO2,-1.3219280948873622,-1.7384981136791433,-0.4165700187917811,0.11804567395465473,0.15290806754221392
83,KO3,-0.029146345659516508,-0.2785650711528982,-0.24941872549338168,0.44466570577874276,0.42345215759849913
83,CA1,0.5849625007211562,0.384702064467219,-0.2002604362539372,0.4945770222668904,0.5275797373358351
83,CA2,1.0,0.7067898292072092,-0.29321017079279077,0.2787336299543613,0.2855534709193246
84,NTC_1,0.0,-0.03558220677301538,-0.03558220677301538,0.3830444814304501,0.33082706766917286
84,KO1,-2.0,-2.0674034576885427,-0.06740345768854272,0.4347630801163693,0.3673545966228894
84,KO2,-1.3219280948873622,-1.493342540787908,-0.17141444590054578,0.4914975276380188,0.44878048780487806
84,KO3,-0.029146345659516508,-0.282658718156072,-0.2535123724965555,0.2682005437733438,0.23771106941838657
84,CA1,0.5849625007211562,0.5606239814288889,-0.02433851929226727,-0.00640502340903671,-0.10393996247654785
84,CA2,1.0,0.9165104407794749,-0.08348955922052514,0.4779662289129152,0.4030018761726079
85,NTC_1,0.0,-1.547858856248113,-1.547858856248113,0.36161138291421613,0.3488721804511278
85,KO1,-2.0,-3.031900547074529,-1.031900547074529,0.1508360520971147,0.14427767354596627
85,KO2,-1.3219280948873622,-2.4519173126690115,-1.1299892177816493,-0.06521979087722894,-0.0375234521575985
85,KO3,-0.029146345659516508,-1.3408214073650564,-1.31167506170554,0.06788380533362498,0.14634146341463417
85,CA1,0.5849625007211562,-0.9943510513775076,-1.5793135520986636,-0.02819083208486313,-0.0652908067542214
85,CA2,1.0,-0.3287836533062185,-1.3287836533062185,0.2762092967574125,0.36097560975609755
86,NTC_1,0.0,-0.13470091633722436,-0.13470091633722436,0.29792173411505585,0.35639097744360904
86,KO1,-2.0,-2.215691469239446,-0.21569146923944604,0.2594868971311123,0.24127579737335839
86,KO2,-1.3219280948873622,-1.4926139336101736,-0.1706858387228114,0.33832854344181085,0.21088180112570362
86,KO3,-0.029146345659516508,-0.09106936268732202,-0.06192301702780551,0.11360901087997897,0.14183864915572234
86,CA1,0.5849625007211562,0.3983281631000315,-0.1866343376211247,0.3477263296237507,0.41744840525328336
86,CA2,1.0,0.8989928740985667,-0.10100712590143335,0.3431702592085755,0.33170731707317075
87,NTC_1,0.0,-0.12727942280695093,-0.12727942280695093,0.4239709197893801,0.4285714285714286
87,KO1,-2.0,-2.1321355324260916,-0.13213553242609155,0.3596053866822154,0.2739212007504691
87,KO2,-1.3219280948873622,-1.5369011383526052,-0.21497304346524304,0.09024642725221384,-0.08330206378986868
87,KO3,-0.029146345659516508,-0.1689468842022146,-0.13980053854269808,0.35530037918465396,0.34390243902439027
87,CA1,0.5849625007211562,0.3328541297443186,-0.2521083709768376,0.4048057924602555,0.3435272045028143
87,CA2,1.0,0.9474266547687327,-0.05257334523126733,0.38389503625317745,0.43339587242026273
88,NTC_1,0.0,0.021299697829035402,0.021299697829035402,-0.027716741602709816,0.05864661654135337
88,KO1,-2.0,-2.04026474766657,-0.04026474766657007,0.23004304948941456,0.21425891181988743
88,KO2,-1.3219280948873622,-1.3794538002483572,-0.057525705360994994,0.3171515135171288,0.3420262664165104
88,KO3,-0.029146345659516508,-0.09618773274347436,-0.06704138708395785,0.46748051605542695,0.525328330206379
88,CA1,0.5849625007211562,0.4267281074054514,-0.15823439331570477,0.4507326811997385,0.4118198874296436
88,CA2,1.0,1.0177391547687327,0.017739154768732668,0.2814751188062209,0.3183864915572233
89,NTC_1,0.0,-0.42073693089410913,-0.42073693089410913,0.013192320266081164,0.156390977443609
89,KO1,-2.0,-2.445976875352117,-0.44597687535211694,0.11257879949944158,0.1127579737335835
89,KO2,-1.3219280948873622,-1.8534437637798513,-0.5315156688924891,0.28517124413376616,0.26285178236397755
89,KO3,-0.029146345659516508,-0.3962747078411306,-0.3671283621816141,0.32195837899110463,0.30637898686679177
89,CA1,0.5849625007211562,0.2581189651019846,-0.32684353561917157,0.3438462558961928,0.3746716697936211
89,CA2,1.0,0.652684070540217,-0.34731592945978296,0.3219250083477255,0.2844277673545967
90,NTC_1,0.0,-1.2533327560894216,-1.2533327560894216,0.16968598673194685,0.20902255639097742
90,KO1,-2.0,-3.351316116379949,-1.351316116379949,0.022141205214539543,0.07110694183864917
90,KO2,-1.3219280948873622,-2.590911529587957,-1.2689834347005946,0.24814260930398066,0.20150093808630395
90,KO3,-0.029146345659516508,-1.4138642769329275,-1.384717931273411,0.32673389674139885,0.28273921200750474
90,CA1,0.5849625007211562,-0.9523445587627615,-1.5373070594839175,0.10324556081782246,-0.01482176360225141
90,CA2,1.0,-0.5309735756389822,-1.5309735756389822,0.12344838672494761,0.18630393996247654
91,NTC_1,0.0,-0.04235567860529077,-0.04235567860529077,0.08853324892261508,0.1263157894736842
91,KO1,-2.0,-2.1512459736339773,-0.1512459736339773,0.5525048814988744,0.5330206378986867
91,KO2,-1.3219280948873622,-1.4879228096477712,-0.16599471476040906,0.2715616639169291,0.39080675422138844
91,KO3,-0.029146345659516508,-0.18042721562311304,-0.15128086996359652,0.548888548873761,0.5598499061913698
91,CA1,0.5849625007211562,0.36189875788762915,-0.22306374283352703,0.3402253197333123,0.3407129455909944
91,CA2,1.0,0.8084686774738108,-0.1915313225261892,0.3915299671297126,0.3538461538461539
92,NTC_1,0.0,-0.37245859913751733,-0.37245859913751733,0.5974155995788559,0.5353383458646617
92,KO1,-2.0,-2.1521898727886404,-0.15218987278864038,0.37190491515100554,0.3992495309568481
92,KO2,-1.3219280948873622,-1.9026600342266287,-0.5807319393392665,0.3887718591368213,0.39305816135084437
92,KO3,-0.029146345659516508,-0.1897469978801931,-0.1606006522206766,0.33873154776821357,0.3311444652908068
92,CA1,0.5849625007211562,0.36017594523504126,-0.22478655548611493,0.28969388027419996,0.28874296435272045
92,CA2,1.0,0.6421669501788889,-0.3578330498211111,0.3026591107496272,0.25046904315197
93,NTC_1,0.0,-0.34871973805353296,-0.34871973805353296,0.04506585622603946,0.04661654135338346
93,KO1,-2.0,-2.2362455349437917,-0.23624553494379175,0.20308471361695377,0.10206378986866795
93,KO2,-1.3219280948873622,-1.6524323444835867,-0.3305042495962245,0.4243152031892556,0.401313320825516
93,KO3,-0.029146345659516508,-0.2274629097454275,-0.19831656408591097,0.35617841343387235,0.3082551594746717
93,CA1,0.5849625007211562,0.3149703521259104,-0.2699921485952458,0.534443200994949,0.48536585365853663
93,CA2,1.0,0.7769263762958323,-0.22307362370416772,0.41533541484663794,0.3797373358348969
94,NTC_1,0.0,0.203765727949885,0.203765727949885,0.44776934528091067,0.3969924812030075
94,KO1,-2.0,-1.854740999268743,0.14525900073125708,0.31896519980145516,0.21257035647279554
94,KO2,-1.3219280948873622,-1.2679926376812185,0.05393545720614368,0.24176067388578465,0.22401500938086305
94,KO3,-0.029146345659516508,-0.17870106511041772,-0.1495547194509012,0.32923698483468083,0.2774859287054409
94,CA1,0.5849625007211562,0.5682767409808909,-0.016685759740265316,0.19974308171799943,0.1932457786116323
94,CA2,1.0,1.0382436294086252,0.038243629408625246,0.2313631875753795,0.2305816135084428
95,NTC_1,0.0,0.20211873240545142,0.20211873240545142,0.5237125472361291,0.5533834586466165
95,KO1,-2.0,-1.8828684311382498,0.11713156886175025,0.39168647046054206,0.4067542213883678
95,KO2,-1.3219280948873622,-1.3294335823528494,-0.007505487465487182,0.15988941607002574,0.2022514071294559
95,KO3,-0.029146345659516508,-0.033476017045232176,-0.004329671385715668,0.3908116307558496,0.3437148217636023
95,CA1,0.5849625007211562,0.6694019813068186,0.08443948058566242,0.09608110021255906,0.0906191369606004
95,CA2,1.0,0.9733031768329417,-0.026696823167058348,0.5160513711450353,0.4030018761726079
96,NTC_1,0.0,-0.0799881439678396,-0.0799881439678396,0.33685957168685904,0.3744360902255639
96,KO1,-2.0,-2.2495485764019216,-0.24954857640192163,0.41248418854879987,0.43771106941838656
96,KO2,-1.3219280948873622,-1.441760681199285,-0.11983258631192273,0.25447361315341566,0.20018761726078801
96,KO3,-0.029146345659516508,-0.30805077366754663,-0.2789044280080301,0.5776646021054274,0.6165103189493434
96,CA1,0.5849625007211562,0.3244622725971018,-0.2605002281240544,0.4609326894853573,0.37504690431519705
96,CA2,1.0,0.7483595389850413,-0.25164046101495874,0.2971938686881066,0.15872420262664166
97,NTC_1,0.0,-1.046879909562322,-1.046879909562322,0.48342310055991744,0.5308270676691729
97,KO1,-2.0,-3.071240089463445,-1.071240089463445,0.48524987621965976,0.550093808630394
97,KO2,-1.3219280948873622,-2.3462091904155935,-1.0242810955282313,0.17179710795158737,0.1726078799249531
97,KO3,-0.029146345659516508,-1.1300374489299978,-1.1008911032704813,0.03588583287665687,0.04484052532833021
97,CA1,0.5849625007211562,-0.3997184257976736,-0.9846809265188298,0.06322170198791974,0.04859287054409006
97,CA2,1.0,-0.0022012215130056134,-1.0022012215130056,0.01342250641677286,-0.005816135084427768
98,NTC_1,0.0,-1.2539822082988943,-1.2539822082988943,0.31557089888063,0.30977443609022554
98,KO1,-2.0,-3.005437276887151,-1.0054372768871511,0.09098618432681088,0.08893058161350846
98,KO2,-1.3219280948873622,-2.4899286251537527,-1.1680005302663905,-0.18911567475789093,-0.07954971857410884
98,KO3,-0.029146345659516508,-1.3108159523479666,-1.28166960668845,0.15448770709274057,0.21181988742964356
98,CA1,0.5849625007211562,-0.4220458488933767,-1.0070083496145328,-0.03020929774916155,0.08105065666041278
98,CA2,1.0,0.016873218489435793,-0.9831267815105642,0.2885391440254922,0.22739212007504694
99,NTC_1,0.0,-0.03213085942194116,-0.03213085942194116,0.63017962993524,0.6917293233082705
99,KO1,-2.0,-2.255793951081487,-0.25579395108148706,0.2805253136606965,0.31238273921200754
99,KO2,-1.3219280948873622,-1.3964406471721853,-0.07451255228482312,0.26501842178956064,0.26941838649155725
99,KO3,-0.029146345659516508,-0.0640584450237478,-0.03491209936423129,0.3303206569803859,0.3395872420262665
99,CA1,0.5849625007211562,0.44389805979802954,-0.14106444092312664,0.3160126359838885,0.32457786116322707
99,CA2,1.0,0.908543445540217,-0.09145655445978296,0.35274972954814204,0.3305816135084428
